Ticker,MarketCap,Beta,PE,EPS,DividendYield,PayoutRatio,Sector,Currency,AsOfDate
AAPL,4869931925504.0,1.085,38.2672,8.72,0.33,0.1204,Technology,USD,2026-10-02
MSFT,3842942959616.0,1.108,28.831755,17.95,0.76,0.1983,Technology,USD,2026-10-02
GOOGL,4200982642688.0,1.225,17.243977,19.92,0.26,0.042600002,Communication Services,USD,2026-10-02
AMZN,2712973606912.0,1.443,20.21865,12.44,,0.0,Consumer Cyclical,USD,2026-10-02
META,1854788337664.0,1.243,27.402334,26.57,0.29,0.0791,Communication Services,USD,2026-10-02
NVDA,5649190617088.0,2.217,29.53914,7.92,0.43,0.0354,Technology,USD,2026-10-02
TSLA,1463662804992.0,1.845,349.61322,1.06,,0.0,Consumer Cyclical,USD,2026-10-02
ORCL,431382593536.0,1.732,22.304075,6.38,1.45,0.31350002,Technology,USD,2026-10-02
PLTR,453577277440.0,1.621,159.95764,1.18,,0.0,Technology,USD,2026-10-02
RDDT,28447748096.0,2.022,34.306267,4.31,,0.0,Communication Services,USD,2026-10-02
MU,1213973397504.0,,14.468839,74.29,0.05,0.0070999996,Technology,USD,2026-10-02
AMD,1034842210304.0,2.476,160.89085,3.94,,0.0,Technology,USD,2026-10-02
TSM,2452061159424.0,1.247,35.25578,13.41,0.89,0.2574,Technology,USD,2026-10-02
ALAB,60777033728.0,3.778,172.57635,2.03,,0.0,Technology,USD,2026-10-02
MSTR,63804116992.0,3.597,,-99.16,,0.0,Technology,USD,2026-10-02
QCOM,197452333056.0,1.679,21.10388,8.76,2.02,0.4103,Technology,USD,2026-10-02
YPF,19474368512.0,-0.088,26.280422,1.89,,0.0,Energy,USD,2026-10-02
PEP,171965743104.0,0.361,16.520998,7.62,4.71,0.7533,Consumer Defensive,USD,2026-10-02
UNH,333815513088.0,0.622,23.901028,15.56,2.54,0.5752,Healthcare,USD,2026-10-02
VIST,7107168256.0,-0.465,8.453947,7.6,,0.0,Energy,USD,2026-10-02
INTC,630790946816.0,2.231,,-2.09,,0.0,Technology,USD,2026-10-02
SPY,,,24.866829,,0.98,,,USD,2026-10-02
QQQ,,,30.551836,,0.42,,,USD,2026-10-02
DIA,,,20.753105,,1.38,,,USD,2026-10-02
IWM,,,16.573439,,0.9,,,USD,2026-10-02
EEM,,,14.395474,,1.66,,,USD,2026-10-02
VEA,,,16.558891,,2.49,,,USD,2026-10-02
XLK,,,35.37033,,0.43,,,USD,2026-10-02
XLE,,,17.426834,,2.37,,,USD,2026-10-02
XLF,,,15.167335,,1.4,,,USD,2026-10-02
XLV,,,29.69025,,1.49,,,USD,2026-10-02
GLD,,,,,0.0,,,USD,2026-10-02
SLV,,,,,0.0,,,USD,2026-10-02
USO,,,,,0.0,,,USD,2026-10-02
EWZ,,,11.107094,,4.07,,,USD,2026-10-02
URA,,,25.05914,,4.57,,,USD,2026-10-02
SOXX,,,43.289104,,0.29,,,USD,2026-10-02
BTC-USD,1698896019456.0,,,,,,,USD,2026-10-02
ETH-USD,325944508416.0,,,,,,,USD,2026-10-02
